{"sections":{"slideshow":{"type":"slideshow","blocks":{"slide-1":{"type":"image","settings":{"image":"shopify:\/\/shop_images\/New_banner_1.png","mobile_image":"shopify:\/\/shop_images\/Design_sem_nome_6.png","subheading":"","title":"","mobile_text_position":"place-self-center text-center","desktop_text_position":"sm:place-self-center sm:text-center","content_max_width":780,"button_1_text":"","button_1_link":"","button_1_style":"link","button_1_background":"#ffffff","button_1_text_color":"#000000","button_2_text":"","button_2_link":"","button_2_style":"link","button_2_background":"#ffffff","button_2_text_color":"#000000","background":"","background_opacity":50,"text_color":"#ffffff","border_color":"","gradient_overlay":""}}},"block_order":["slide-1"],"settings":{"allow_transparent_header":true,"show_next_section_button":true,"media_size":"auto","autoplay":true,"autoplay_pause_on_video":true,"cycle_speed":5,"background":"#000000","controls_color":"#ffffff"}},"featured_collections_KCdPVa":{"type":"featured-collections","blocks":{"collection_XU99Aw":{"type":"collection","settings":{"collection":"mais-vendidos","products_count":8,"title":"","link_url":"","link_text":"Explorar mais"}}},"block_order":["collection_XU99Aw"],"settings":{"separate_section_with_border":true,"hide_product_information":false,"stack_products":false,"products_per_row_mobile":"2","products_per_row_desktop":4,"horizontal_spacing_factor":1,"vertical_spacing_factor":1,"subheading":""}},"collection_list_LNQHQ7":{"type":"collection-list","blocks":{"collection_CebGgU":{"type":"collection","settings":{"collection":"casaco","image":"shopify:\/\/shop_images\/47.png","expand_collection":false,"content_position":"place-self-end-start text-start","subheading":"","title":"","button_text":"Casacos","button_link":"","text_color":"#ffffff","overlay_color":"#000000","overlay_opacity":0,"button_background":"","button_text_color":""}},"collection_kgFQjL":{"type":"collection","settings":{"collection":"vestido","image":"shopify:\/\/shop_images\/37.jpg","expand_collection":false,"content_position":"place-self-end-start text-start","subheading":"","title":"","button_text":"vestidos","button_link":"","text_color":"#ffffff","overlay_color":"#000000","overlay_opacity":0,"button_background":"","button_text_color":""}},"collection_WWrbn6":{"type":"collection","settings":{"collection":"kimono","image":"shopify:\/\/shop_images\/4.jpg","expand_collection":false,"content_position":"place-self-end-start text-start","subheading":"","title":"","button_text":"kimonos","button_link":"","text_color":"#ffffff","overlay_color":"#000000","overlay_opacity":0,"button_background":"","button_text_color":""}}},"block_order":["collection_CebGgU","collection_kgFQjL","collection_WWrbn6"],"custom_css":["{margin-top: 2%;}",".collection-list {gap: var(--collection-list-gap, 5px);"],"settings":{"separate_section_with_border":true,"image_size":"auto","show_text_outside":false,"space_items":false,"stack_collections":false,"collections_per_row_desktop":3,"subheading":"","title":"Caterorias","content":"","circle_button_background":"#ffffff","circle_button_text_color":"#1c1c1c"}},"featured_collections_Yk6KQG":{"type":"featured-collections","blocks":{"collection_kJURLm":{"type":"collection","settings":{"collection":"kimono","products_count":8,"title":"","link_url":"","link_text":"explore mais"}}},"block_order":["collection_kJURLm"],"settings":{"separate_section_with_border":true,"hide_product_information":false,"stack_products":false,"products_per_row_mobile":"2","products_per_row_desktop":4,"horizontal_spacing_factor":1,"vertical_spacing_factor":1,"subheading":""}}},"order":["slideshow","featured_collections_KCdPVa","collection_list_LNQHQ7","featured_collections_Yk6KQG"]}