{"sections":{"main":{"type":"main-page","disabled":true,"settings":{"show_title":true,"page_width":"xs"}},"image_with_text_inD4LL":{"type":"image-with-text","blocks":{"heading_iCxzxg":{"type":"heading","settings":{"text":"Sobre Nós","heading_tag":"h1"}},"richtext_YYzLWg":{"type":"richtext","settings":{"content":"<p><strong>Melissa Cotta<\/strong> é sinônimo de cor, vida e elegância no mundo da moda feminina. Desde a nossa fundação, temos nos destacado por trazer peças que não apenas vestem, mas também encantam. Nossas roupas são desenhadas para mulheres que buscam conforto e sofisticação em seu dia a dia, sem abrir mão da qualidade e do estilo.<\/p><p>Inspiramo-nos na exuberância da natureza para criar estampas únicas e vibrantes que celebram a beleza e a diversidade do mundo ao nosso redor. Cada peça é confeccionada com malhas de alta qualidade, proporcionando um toque macio e uma sensação de bem-estar que acompanha nossas clientes em todos os momentos.<\/p><p>Na <strong>Melissa Cotta<\/strong>, acreditamos que a moda vai além das tendências passageiras. Nossas coleções são pensadas para realçar a personalidade e a confiança das mulheres, oferecendo roupas que se adaptam a diferentes ocasiões com charme e originalidade. Queremos que cada cliente se sinta especial, vestindo-se com peças que refletem a sua essência e que tornam o seu cotidiano mais colorido e sofisticado.<\/p><p>Venha descobrir o universo <strong>Melissa Cotta<\/strong> e permita-se viver a moda com conforto e elegância. Junte-se a nós nessa jornada de estilo e bem-estar.<\/p>"}}},"block_order":["heading_iCxzxg","richtext_YYzLWg"],"custom_css":["img {border-radius: 4%; margin-left: 3%;}"],"settings":{"separate_section_with_border":false,"image":"shopify:\/\/shop_images\/Img_Melissa_Cotta.jpg","reveal_on_scroll":true,"image_position":"start","content_width":"sm","remove_vertical_spacing":false}}},"order":["main","image_with_text_inD4LL"]}