{"sections":{"main":{"type":"main-password","blocks":{"content":{"type":"content","settings":{"title":"Em construção","show_newsletter_form":true,"background":"#ffffff","text_color":"#1c1c1c"}},"social_media":{"type":"social_media","settings":{"background":"#efefef","text_color":"#1c1c1c"}}},"block_order":["content","social_media"],"settings":{"logo":"{{ shop.brand.logo }}","logo_max_width":140,"logo_mobile_max_width":100,"background_image":"shopify:\/\/shop_images\/New_banner.jpg","background":"#1c1c1c","text_color":"#ffffff"}}},"order":["main"]}