{"sections":{"main":{"type":"main-product","blocks":{"title":{"type":"title","settings":{"heading_tag":"h3"}},"price":{"type":"price","settings":{"show_taxes_notice":false}},"quantity_selector":{"type":"quantity_selector","settings":{}},"variant_picker":{"type":"variant_picker","settings":{"hide_sold_out_variants":false,"selector_type":"block","color_selector_type":"color","size_chart_page":""}},"buy_buttons":{"type":"buy_buttons","settings":{"show_payment_button":false,"show_gift_card_recipient":true,"atc_button_background":"","atc_button_text_color":"","payment_button_background":"","payment_button_text_color":""}},"payment_terms":{"type":"payment_terms","settings":{}},"separator":{"type":"separator","settings":{}},"description":{"type":"description","settings":{"collapse_content":false,"show_below_gallery":false}},"complementary_products":{"type":"complementary_products","settings":{"title":"Pairs well with","products_count":2,"show_below_gallery":true,"stack_products":false,"show_quick_buy":true}}},"block_order":["title","price","quantity_selector","variant_picker","buy_buttons","payment_terms","separator","description","complementary_products"],"settings":{"container_size":"lg","product_info_size":35,"show_sticky_add_to_cart":true,"center_basic_info":false,"desktop_media_layout":"grid","desktop_media_grid_gap":30,"mobile_controls":"dots","enable_media_autoplay":false,"enable_video_looping":true,"enable_image_zoom":true,"max_image_zoom_level":3}},"related-products":{"type":"related-products","settings":{"separate_section_with_border":true,"hide_product_information":false,"stack_products":false,"recommendations_count":10,"products_per_row_mobile":"2","products_per_row_desktop":4,"horizontal_spacing_factor":1,"vertical_spacing_factor":1,"subheading":"","title":"Você tambem pode gostar","content":""}}},"order":["main","related-products"]}