{"type":"footer","name":"Footer group","sections":{"footer":{"type":"footer","blocks":{"links":{"type":"links","settings":{"menu":"main-menu","show_menu_title":true}},"links_7jbzp7":{"type":"links","settings":{"menu":"footer","show_menu_title":true}},"image_qfnPYD":{"type":"image","settings":{"image":"shopify:\/\/shop_images\/Identidade_Visual_-_Melissa_Cotta_1_34667373-9c50-4ebe-9537-e106960df123.png","image_width":150,"link":""}}},"block_order":["links","links_7jbzp7","image_qfnPYD"],"custom_css":[".text-xxs {text-align: left;}",".social-media--list {margin: 0 auto;}",".payment-list {display: flex;}","@media screen and (max-width: 700px){.text-xxs {text-align:center;}}"],"settings":{"separate_section_with_border":false,"show_social_media":true,"show_payment_icons":false,"show_country_selector":false,"show_country_name":false,"show_country_flag":false,"show_locale_selector":false}}},"order":["footer"]}