{"type":"header","name":"Header group","sections":{"announcement-bar":{"type":"announcement-bar","blocks":{"message-1":{"type":"message","settings":{"text":"enviamos para todo Brasil"}},"message_zFEHtc":{"type":"message","settings":{"text":"10%off usando cupom WELCOME"}}},"block_order":["message-1","message_zFEHtc"],"settings":{"enable_sticky":true,"autoplay":true,"cycle_speed":3,"desktop_font_size":11,"mobile_font_size":10,"background":"#b5b054","text_color":"#ffffff"}},"header":{"type":"header","custom_css":[],"settings":{"enable_sticky":false,"show_separation_border":false,"reduce_padding":true,"logo":"shopify:\/\/shop_images\/Identidade_Visual_-_Melissa_Cotta_1_34667373-9c50-4ebe-9537-e106960df123.png","logo_max_width":140,"logo_mobile_max_width":100,"menu":"main-menu","sidebar_menu":"","menu_open_trigger":"hover","enable_search":true,"sidebar_text_font":"heading","sidebar_show_dividers":true,"layout":"logo_center_navigation_below","show_icons":true,"show_country_selector":false,"show_country_name":false,"show_country_flag":false,"show_locale_selector":false,"transparent_header_text_color":"#ffffff","transparent_logo":"shopify:\/\/shop_images\/Identidade_Visual_-_Melissa_Cotta_1.png"}}},"order":["announcement-bar","header"]}